{"_type":"export","__export_format":4,"__export_date":"2019-06-04T13:44:26.202Z","__export_source":"insomnia.desktop.app:v6.5.3","resources":[{"_id":"req_b5741f3f9df0450ea76e3d1fb461eb6b","authentication":{},"body":{},"created":1559654803148,"description":"","headers":[],"isPrivate":false,"metaSortKey":-1559654803148,"method":"GET","modified":1559654832129,"name":"Get Blocks (3001)","parameters":[],"parentId":"fld_3b62cb879ec04538834a2209f986d7b4","settingDisableRenderRequestBody":false,"settingEncodeUrl":true,"settingRebuildPath":true,"settingSendCookies":true,"settingStoreCookies":true,"url":"localhost:3001/blocks","_type":"request"},{"_id":"fld_3b62cb879ec04538834a2209f986d7b4","created":1559654793467,"description":"","environment":{},"metaSortKey":-1559654793467,"modified":1559654793467,"name":"Simple_Miner_Requests","parentId":"wrk_ec8c20e8dd454d348b10dffbe2644ab4","_type":"request_group"},{"_id":"wrk_ec8c20e8dd454d348b10dffbe2644ab4","created":1559566169900,"description":"","modified":1559566169900,"name":"Insomnia","parentId":null,"_type":"workspace"},{"_id":"req_cc9b3d052c4448e5920401431507b3a0","authentication":{},"body":{},"created":1559655176033,"description":"","headers":[],"isPrivate":false,"metaSortKey":-1559654803123,"method":"GET","modified":1559655183537,"name":"Get Blocks (3002)","parameters":[],"parentId":"fld_3b62cb879ec04538834a2209f986d7b4","settingDisableRenderRequestBody":false,"settingEncodeUrl":true,"settingRebuildPath":true,"settingSendCookies":true,"settingStoreCookies":true,"url":"localhost:3002/blocks","_type":"request"},{"_id":"req_956daf821f15463399e0d28078cd9f15","authentication":{},"body":{"mimeType":"application/json","text":"{\n\t\"data\": \"Some data in block\"\n}"},"created":1559654848046,"description":"","headers":[{"id":"pair_c061176c35944037b821a2890ba4a5c3","name":"Content-Type","value":"application/json"}],"isPrivate":false,"metaSortKey":-1559654803098,"method":"POST","modified":1559654960409,"name":"Mine Block (3001)","parameters":[],"parentId":"fld_3b62cb879ec04538834a2209f986d7b4","settingDisableRenderRequestBody":false,"settingEncodeUrl":true,"settingRebuildPath":true,"settingSendCookies":true,"settingStoreCookies":true,"url":"localhost:3001/mineBlock","_type":"request"},{"_id":"req_52ff92cfdbd048468c1f65398b34bf03","authentication":{},"body":{"mimeType":"application/json","text":"{\n\t\"data\": \"Some data in block\"\n}"},"created":1559655188747,"description":"","headers":[{"id":"pair_c061176c35944037b821a2890ba4a5c3","name":"Content-Type","value":"application/json"}],"isPrivate":false,"metaSortKey":-1559654803073,"method":"POST","modified":1559655239305,"name":"Mine Block (3002)","parameters":[],"parentId":"fld_3b62cb879ec04538834a2209f986d7b4","settingDisableRenderRequestBody":false,"settingEncodeUrl":true,"settingRebuildPath":true,"settingSendCookies":true,"settingStoreCookies":true,"url":"localhost:3002/mineBlock","_type":"request"},{"_id":"req_03df5bc1514d4336bd81005f97c93e57","authentication":{},"body":{},"created":1559655005264,"description":"","headers":[],"isPrivate":false,"metaSortKey":-1559654803048,"method":"GET","modified":1559655022223,"name":"Get Peers (3001)","parameters":[],"parentId":"fld_3b62cb879ec04538834a2209f986d7b4","settingDisableRenderRequestBody":false,"settingEncodeUrl":true,"settingRebuildPath":true,"settingSendCookies":true,"settingStoreCookies":true,"url":"localhost:3001/peers","_type":"request"},{"_id":"req_884d30b204a3408eb321625c1e314d78","authentication":{},"body":{},"created":1559655199404,"description":"","headers":[],"isPrivate":false,"metaSortKey":-1559654803023,"method":"GET","modified":1559655220529,"name":"Get Peers (3002)","parameters":[],"parentId":"fld_3b62cb879ec04538834a2209f986d7b4","settingDisableRenderRequestBody":false,"settingEncodeUrl":true,"settingRebuildPath":true,"settingSendCookies":true,"settingStoreCookies":true,"url":"localhost:3002/peers","_type":"request"},{"_id":"req_5c1e2557ee99459e85ff1beae0f46030","authentication":{},"body":{"mimeType":"application/json","text":"{\n\t\"peer\": \"ws://localhost:6002\"\n}"},"created":1559655032231,"description":"","headers":[{"id":"pair_83e0b4d8ac7c4115aac2f78265f39a0b","name":"Content-Type","value":"application/json"}],"isPrivate":false,"metaSortKey":-1559654802998,"method":"POST","modified":1559655164788,"name":"Add Peer (3001)","parameters":[],"parentId":"fld_3b62cb879ec04538834a2209f986d7b4","settingDisableRenderRequestBody":false,"settingEncodeUrl":true,"settingRebuildPath":true,"settingSendCookies":true,"settingStoreCookies":true,"url":"localhost:3001/addPeer","_type":"request"},{"_id":"req_decadc9ea2be4e2b93d3e2d1c8148a80","authentication":{},"body":{"mimeType":"application/json","text":"{\n\t\"peer\": \"ws://localhost:6001\"\n}"},"created":1559655206658,"description":"","headers":[{"id":"pair_83e0b4d8ac7c4115aac2f78265f39a0b","name":"Content-Type","value":"application/json"}],"isPrivate":false,"metaSortKey":-1559654771262.5,"method":"POST","modified":1559655215400,"name":"Add Peer (3002)","parameters":[],"parentId":"fld_3b62cb879ec04538834a2209f986d7b4","settingDisableRenderRequestBody":false,"settingEncodeUrl":true,"settingRebuildPath":true,"settingSendCookies":true,"settingStoreCookies":true,"url":"localhost:3001/addPeer","_type":"request"},{"_id":"env_0a66731aa86d2174de3c1bd68106c4c54df6a647","color":null,"created":1559566169941,"data":{},"isPrivate":false,"metaSortKey":1559566169941,"modified":1559566169941,"name":"Base Environment","parentId":"wrk_ec8c20e8dd454d348b10dffbe2644ab4","_type":"environment"},{"_id":"jar_0a66731aa86d2174de3c1bd68106c4c54df6a647","cookies":[],"created":1559566169943,"modified":1559566169943,"name":"Default Jar","parentId":"wrk_ec8c20e8dd454d348b10dffbe2644ab4","_type":"cookie_jar"}]}